hash_name	barcode
10uM_P7_A7	TTCTCTGAGA
10uM_P7_B7	CCTGCATCAA
10uM_P7_C7	TCTGACGAGG
10uM_P7_D7	GATTCCGGAA
10uM_P7_E7	TGGCATAACG
10uM_P7_F7	TCTCTCATCC
10uM_P7_G7	TTCGCTGCCT
10uM_P7_H7	GGATTCTATC
10uM_P7_A8	TAGAATAGCC
10uM_P7_B8	GCTCGAATCA
10uM_P7_C8	GGCTCGAGAT
10uM_P7_D8	TCCTCTCCGT
10uM_P7_E8	ATAACCGTTC
10uM_P7_F8	AGGTCTATGG
10uM_P7_G8	AGCAAGAACC
10uM_P7_H8	TTGATATGAA
20uM_P7_A9	TGGCAGAAGT
20uM_P7_B9	CTTCATTAGA
20uM_P7_C9	AATCGAACTC
20uM_P7_D9	GGACGACGCA
20uM_P7_E9	CGTCTATGAA
20uM_P7_F9	CGAATCTCCT
20uM_P7_G9	GGCTATTCGA
20uM_P7_H9	TCTATCGGTA
20uM_P7_A10	CGAAGGCATG
20uM_P7_B10	AATTGAGAGA
20uM_P7_C10	GTAGTTGGAT
20uM_P7_D10	CCTAAGCGGT
20uM_P7_E10	CGTAAGGAGT
20uM_P7_F10	AAGCATCCTA
20uM_P7_G10	CTGAAGAGAC
20uM_P7_H10	GGCTTCTGGA
40uM_P7_A11	AGCGATCCGC
40uM_P7_B11	ACGCTTCTCT
40uM_P7_C11	ATATGCCATC
40uM_P7_D11	AAGTACGTTA
40uM_P7_E11	GAATGAGGAG
40uM_P7_F11	AGGCCGGTAA
40uM_P7_G11	GCCATCAACT
40uM_P7_H11	ACTGGTAGAT
40uM_P7_A12	ATGAGTTCTC
40uM_P7_B12	CCATCGGACC
40uM_P7_C12	GGCATCTACC
40uM_P7_D12	TTCTCTACTA
40uM_P7_E12	CCAGGCTCTT
40uM_P7_F12	ATCCATCAGG
40uM_P7_G12	CTCGGAGCAA
40uM_P7_H12	GGCGGTTGAC